,image_name,subject_id
0,ESCH01-1_13.jpg,78964714
1,ESCH01-1_19.jpg,78964720
2,ESCH01-1_21.jpg,78964722
3,ESCH01-1_22.jpg,78964723
4,ESCH01-1_23.jpg,78964724
5,ESCH01-2_118.jpg,78964735
6,ESCH01-2_123.jpg,78964739
7,ESCH01-2_244.jpg,78964769
8,ESCH01-2_308.jpg,78964779
9,ESCH01-2_340.jpg,78964785
10,ESCH01-2_99.jpg,78964822
11,ESCH01-3_187.jpg,78964844
12,ESCH01-3_291.jpg,78964848
13,ESCH01-3_40.jpg,78964856
14,ESCH02-1_173.jpg,78964906
15,ESCH02-1_174.jpg,78964907
16,ESCH02-1_207.jpg,78964924
17,ESCH02-1_258.jpg,78964952
18,ESCH02-1_264.jpg,78964958
19,ESCH02-1_278.jpg,78964972
20,ESCH02-1_323.jpg,78965007
21,ESCH02-1_324.jpg,78965008
22,ESCH02-1_333.jpg,78965013
23,ESCH02-1_337.jpg,78965017
24,ESCH02-1_339.jpg,78965019
25,ESCH02-1_355.jpg,78965032
26,ESCH02-1_409.jpg,78965058
27,ESCH02-1_431.jpg,78965066
28,ESCH02-1_79.jpg,78965103
29,ESCH02-2_30.jpg,78965135
30,FMO01_123.jpg,78963984
31,FMO01_34.jpg,78964000
32,FMO01_69.jpg,78964022
33,FMO01_70.jpg,78964023
34,FMO01_89.jpg,78964039
35,FMO02-1_108.jpg,78964056
36,FMO02-1_114.jpg,78964061
37,FMO02-1_131.jpg,78964076
38,FMO02-1_76.jpg,78964120
39,FMO02-1_79.jpg,78964123
40,FMO02-2_104.jpg,78964144
41,FMO03-1_14.jpg,78964245
42,FMO03-1_63.jpg,78964279
43,FMO03-1_77.jpg,78964291
44,FMO03-2_66.jpg,78964343
45,FMO03-2_70.jpg,78964347
46,FMO03-2_76.jpg,78964353
47,FMO04-1_14.jpg,78964369
48,FMO04-1_86.jpg,78964404
49,FMO04-2_46.jpg,78964437
50,FMO06_115.jpg,78964616
51,FMO06_184.jpg,78964652
52,FMO06_197.jpg,78964659
53,FMO06_28.jpg,78964670
54,FMO06_53.jpg,78964684
55,GEB01-2_152.jpg,78922029
56,GEB01-2_228.jpg,78922093
57,GEB02-1_382.jpg,78922433
58,GEB02-3_197.jpg,78922625
59,GWA01-2_231.jpg,78924089
60,GWA01-3_91.jpg,78924592
61,GWA02-1_223.jpg,78924658
62,GWA02-2_25.jpg,78924875
63,GWB01-1_76.jpg,78925243
64,GWB01-2_239.jpg,78925366
65,GWB01-2_300.jpg,78925388
66,GWB01-2_421.jpg,78925457
67,GWB01-2_430.jpg,78925467
68,GWB01-3_12.jpg,78925536
69,GWB01-3_152.jpg,78925551
70,MBBD02-2_248.jpg,78928708
71,MBN04-2_182.jpg,78926344
72,MEBBA03-4_04.jpg,78932361
73,MWBBC05-3_56.jpg,78937831
74,PCI01-2_111.jpg,78938221
75,PCI02-1_92.jpg,78938603
76,PCIC01-1_113.jpg,78938992
77,PCIC01-1_131.jpg,78939007
78,PCIE02-1_72.jpg,78957268
79,PCIE13-1-3_142.jpg,78961354
80,PCIE13-2-2_07.jpg,78961512
81,PCIS01-5_67.jpg,78961972
82,PWC01-1_61.jpg,78962844
83,PWC01-1_62.jpg,78962845
84,PWC01-4_231.jpg,78962998
85,PWC01-5_34.jpg,78963042
86,PWC03-2-1_42.jpg,78963297
